Date,Stock,Open,High,Low,Close,Volume
2022-05-02,AAPL,156.7100067138672,158.22999572753906,153.27000427246094,157.9600067138672,123055300
2022-05-03,AAPL,158.14999389648438,160.7100067138672,156.32000732421875,159.47999572753906,88966500
2022-05-04,AAPL,159.6699981689453,166.47999572753906,159.25999450683594,166.02000427246094,108256500
2022-05-05,AAPL,163.85000610351562,164.0800018310547,154.9499969482422,156.77000427246094,130525300
2022-05-06,AAPL,156.00999450683594,159.44000244140625,154.17999267578125,157.27999877929688,116124600
2022-05-09,AAPL,154.92999267578125,155.8300018310547,151.49000549316406,152.05999755859375,131577900
2022-05-10,AAPL,155.52000427246094,156.74000549316406,152.92999267578125,154.50999450683594,115366700
2022-05-11,AAPL,153.5,155.4499969482422,145.80999755859375,146.5,142689800
2022-05-12,AAPL,142.77000427246094,146.1999969482422,138.8000030517578,142.55999755859375,182602000
2022-05-13,AAPL,144.58999633789062,148.10000610351562,143.11000061035156,147.11000061035156,113990900
2022-05-16,AAPL,145.5500030517578,147.52000427246094,144.17999267578125,145.5399932861328,86643800
2022-05-17,AAPL,148.86000061035156,149.77000427246094,146.67999267578125,149.24000549316406,78336300
2022-05-18,AAPL,146.85000610351562,147.36000061035156,139.89999389648438,140.82000732421875,109742900
2022-05-19,AAPL,139.8800048828125,141.66000366210938,136.60000610351562,137.35000610351562,136095600
2022-05-20,AAPL,139.08999633789062,140.6999969482422,132.61000061035156,137.58999633789062,137426100
2022-05-23,AAPL,137.7899932861328,143.25999450683594,137.64999389648438,143.11000061035156,117726300
2022-05-24,AAPL,140.80999755859375,141.97000122070312,137.3300018310547,140.36000061035156,104132700
2022-05-25,AAPL,138.42999267578125,141.7899932861328,138.33999633789062,140.52000427246094,92482700
2022-05-26,AAPL,137.38999938964844,144.33999633789062,137.13999938964844,143.77999877929688,90601500
2022-05-27,AAPL,145.38999938964844,149.67999267578125,145.25999450683594,149.63999938964844,90978500
2022-05-31,AAPL,149.07000732421875,150.66000366210938,146.83999633789062,148.83999633789062,103718400
2022-06-01,AAPL,149.89999389648438,151.74000549316406,147.67999267578125,148.7100067138672,74286600
2022-06-02,AAPL,147.8300018310547,151.27000427246094,146.86000061035156,151.2100067138672,72348100
2022-06-03,AAPL,146.89999389648438,147.97000122070312,144.4600067138672,145.3800048828125,88570300
2022-06-06,AAPL,147.02999877929688,148.57000732421875,144.89999389648438,146.13999938964844,71598400
2022-06-07,AAPL,144.35000610351562,149.0,144.10000610351562,148.7100067138672,67808200
2022-06-08,AAPL,148.5800018310547,149.8699951171875,147.4600067138672,147.9600067138672,53950200
2022-06-09,AAPL,147.0800018310547,147.9499969482422,142.52999877929688,142.63999938964844,69473000
2022-06-10,AAPL,140.27999877929688,140.75999450683594,137.05999755859375,137.1300048828125,91437900
2022-06-13,AAPL,132.8699951171875,135.1999969482422,131.44000244140625,131.8800048828125,122207100
2022-06-14,AAPL,133.1300048828125,133.88999938964844,131.47999572753906,132.75999450683594,84784300
2022-06-15,AAPL,134.2899932861328,137.33999633789062,132.16000366210938,135.42999267578125,91533000
2022-06-16,AAPL,132.0800018310547,132.38999938964844,129.0399932861328,130.05999755859375,108123900
2022-06-17,AAPL,130.07000732421875,133.0800018310547,129.80999755859375,131.55999755859375,134520300
2022-06-21,AAPL,133.4199981689453,137.05999755859375,133.32000732421875,135.8699951171875,81000500
2022-06-22,AAPL,134.7899932861328,137.75999450683594,133.91000366210938,135.35000610351562,73409200
2022-06-23,AAPL,136.82000732421875,138.58999633789062,135.6300048828125,138.27000427246094,72433800
2022-06-24,AAPL,139.89999389648438,141.91000366210938,139.77000427246094,141.66000366210938,89116800
2022-06-27,AAPL,142.6999969482422,143.49000549316406,140.97000122070312,141.66000366210938,70207900
2022-06-28,AAPL,142.1300048828125,143.4199981689453,137.32000732421875,137.44000244140625,67083400
2022-06-29,AAPL,137.4600067138672,140.6699981689453,136.6699981689453,139.22999572753906,66242400
2022-06-30,AAPL,137.25,138.3699951171875,133.77000427246094,136.72000122070312,98964500
2022-07-01,AAPL,136.0399932861328,139.0399932861328,135.66000366210938,138.92999267578125,71051600
2022-07-05,AAPL,137.77000427246094,141.61000061035156,136.92999267578125,141.55999755859375,73353800
2022-07-06,AAPL,141.35000610351562,144.1199951171875,141.0800018310547,142.9199981689453,74064300
2022-07-07,AAPL,143.2899932861328,146.5500030517578,143.27999877929688,146.35000610351562,66253700
2022-07-08,AAPL,145.25999450683594,147.5500030517578,145.0,147.0399932861328,64547800
2022-07-11,AAPL,145.6699981689453,146.63999938964844,143.77999877929688,144.8699951171875,63141600
2022-07-12,AAPL,145.75999450683594,148.4499969482422,145.0500030517578,145.86000061035156,77588800
2022-07-13,AAPL,142.99000549316406,146.4499969482422,142.1199951171875,145.49000549316406,71185600
2022-07-14,AAPL,144.0800018310547,148.9499969482422,143.25,148.47000122070312,78140700
2022-07-15,AAPL,149.77999877929688,150.86000061035156,148.1999969482422,150.1699981689453,76259900
2022-07-18,AAPL,150.74000549316406,151.57000732421875,146.6999969482422,147.07000732421875,81420900
2022-07-19,AAPL,147.9199981689453,151.22999572753906,146.91000366210938,151.0,82982400
2022-07-20,AAPL,151.1199951171875,153.72000122070312,150.3699951171875,153.0399932861328,64823400
2022-07-21,AAPL,154.5,155.57000732421875,151.94000244140625,155.35000610351562,65086600
2022-07-22,AAPL,155.38999938964844,156.27999877929688,153.41000366210938,154.08999633789062,66675400
2022-07-25,AAPL,154.00999450683594,155.0399932861328,152.27999877929688,152.9499969482422,53623900
2022-07-26,AAPL,152.25999450683594,153.08999633789062,150.8000030517578,151.60000610351562,55138700
2022-07-27,AAPL,152.5800018310547,157.3300018310547,152.16000366210938,156.7899932861328,78620700
2022-07-28,AAPL,156.97999572753906,157.63999938964844,154.41000366210938,157.35000610351562,81378700
2022-07-29,AAPL,161.24000549316406,163.6300048828125,159.5,162.50999450683594,101786900
2022-08-01,AAPL,161.00999450683594,163.58999633789062,160.88999938964844,161.50999450683594,67829400
2022-08-02,AAPL,160.10000610351562,162.41000366210938,159.6300048828125,160.00999450683594,59907000
2022-08-03,AAPL,160.83999633789062,166.58999633789062,160.75,166.1300048828125,82507500
2022-08-04,AAPL,166.00999450683594,167.19000244140625,164.42999267578125,165.80999755859375,55474100
2022-08-05,AAPL,163.2100067138672,165.85000610351562,163.0,165.35000610351562,56697000
2022-08-08,AAPL,166.3699951171875,167.80999755859375,164.1999969482422,164.8699951171875,60276900
2022-08-09,AAPL,164.02000427246094,165.82000732421875,163.25,164.9199981689453,63135500
2022-08-10,AAPL,167.67999267578125,169.33999633789062,166.89999389648438,169.24000549316406,70170500
2022-08-11,AAPL,170.05999755859375,170.99000549316406,168.19000244140625,168.49000549316406,57149200
2022-08-12,AAPL,169.82000732421875,172.1699981689453,169.39999389648438,172.10000610351562,68039400
2022-08-15,AAPL,171.52000427246094,173.38999938964844,171.35000610351562,173.19000244140625,54091700
2022-08-16,AAPL,172.77999877929688,173.7100067138672,171.66000366210938,173.02999877929688,56377100
2022-08-17,AAPL,172.77000427246094,176.14999389648438,172.57000732421875,174.5500030517578,79542000
2022-08-18,AAPL,173.75,174.89999389648438,173.1199951171875,174.14999389648438,62290100
2022-08-19,AAPL,173.02999877929688,173.74000549316406,171.30999755859375,171.52000427246094,70346300
2022-08-22,AAPL,169.69000244140625,169.86000061035156,167.13999938964844,167.57000732421875,69026800
2022-08-23,AAPL,167.0800018310547,168.7100067138672,166.64999389648438,167.22999572753906,54147100
2022-08-24,AAPL,167.32000732421875,168.11000061035156,166.25,167.52999877929688,53841500
2022-08-25,AAPL,168.77999877929688,170.13999938964844,168.35000610351562,170.02999877929688,51218200
2022-08-26,AAPL,170.57000732421875,171.0500030517578,163.55999755859375,163.6199951171875,78961000
2022-08-29,AAPL,161.14999389648438,162.89999389648438,159.82000732421875,161.3800048828125,73314000
2022-08-30,AAPL,162.1300048828125,162.55999755859375,157.72000122070312,158.91000366210938,77906200
2022-08-31,AAPL,160.30999755859375,160.5800018310547,157.13999938964844,157.22000122070312,87991100
2022-09-01,AAPL,156.63999938964844,158.4199981689453,154.6699981689453,157.9600067138672,74229900
2022-09-02,AAPL,159.75,160.36000061035156,154.97000122070312,155.80999755859375,76957800
2022-09-06,AAPL,156.47000122070312,157.08999633789062,153.69000244140625,154.52999877929688,73714800
2022-09-07,AAPL,154.82000732421875,156.6699981689453,153.61000061035156,155.9600067138672,87449600
2022-09-08,AAPL,154.63999938964844,156.36000061035156,152.67999267578125,154.4600067138672,84923800
2022-09-09,AAPL,155.47000122070312,157.82000732421875,154.75,157.3699951171875,68028800
2022-09-12,AAPL,159.58999633789062,164.25999450683594,159.3000030517578,163.42999267578125,104956000
2022-09-13,AAPL,159.89999389648438,160.5399932861328,153.3699951171875,153.83999633789062,122656600
2022-09-14,AAPL,154.7899932861328,157.10000610351562,153.61000061035156,155.30999755859375,87965400
2022-09-15,AAPL,154.64999389648438,155.24000549316406,151.3800048828125,152.3699951171875,90481100
2022-09-16,AAPL,151.2100067138672,151.35000610351562,148.3699951171875,150.6999969482422,162278800
2022-09-19,AAPL,149.30999755859375,154.55999755859375,149.10000610351562,154.47999572753906,81474200
2022-09-20,AAPL,153.39999389648438,158.0800018310547,153.0800018310547,156.89999389648438,107689800
2022-09-21,AAPL,157.33999633789062,158.74000549316406,153.60000610351562,153.72000122070312,101696800
2022-09-22,AAPL,152.3800048828125,154.47000122070312,150.91000366210938,152.74000549316406,86652500
2022-09-23,AAPL,151.19000244140625,151.47000122070312,148.55999755859375,150.42999267578125,96029900
2022-09-26,AAPL,149.66000366210938,153.77000427246094,149.63999938964844,150.77000427246094,93339400
2022-09-27,AAPL,152.74000549316406,154.72000122070312,149.9499969482422,151.75999450683594,84442700
2022-09-28,AAPL,147.63999938964844,150.63999938964844,144.83999633789062,149.83999633789062,146691400
2022-09-29,AAPL,146.10000610351562,146.72000122070312,140.67999267578125,142.47999572753906,128138200
2022-09-30,AAPL,141.27999877929688,143.10000610351562,138.0,138.1999969482422,124925300
2022-10-03,AAPL,138.2100067138672,143.07000732421875,137.69000244140625,142.4499969482422,114311700
2022-10-04,AAPL,145.02999877929688,146.22000122070312,144.25999450683594,146.10000610351562,87830100
2022-10-05,AAPL,144.07000732421875,147.3800048828125,143.00999450683594,146.39999389648438,79471000
2022-10-06,AAPL,145.80999755859375,147.5399932861328,145.22000122070312,145.42999267578125,68402200
2022-10-07,AAPL,142.5399932861328,143.10000610351562,139.4499969482422,140.08999633789062,85925600
2022-10-10,AAPL,140.4199981689453,141.88999938964844,138.57000732421875,140.4199981689453,74899000
2022-10-11,AAPL,139.89999389648438,141.35000610351562,138.22000122070312,138.97999572753906,77033700
2022-10-12,AAPL,139.1300048828125,140.36000061035156,138.16000366210938,138.33999633789062,70433700
2022-10-13,AAPL,134.99000549316406,143.58999633789062,134.3699951171875,142.99000549316406,113224000
2022-10-14,AAPL,144.30999755859375,144.52000427246094,138.19000244140625,138.3800048828125,88598000
2022-10-17,AAPL,141.07000732421875,142.89999389648438,140.27000427246094,142.41000366210938,85250900
2022-10-18,AAPL,145.49000549316406,146.6999969482422,140.61000061035156,143.75,99136600
2022-10-19,AAPL,141.69000244140625,144.9499969482422,141.5,143.86000061035156,61758300
2022-10-20,AAPL,143.02000427246094,145.88999938964844,142.64999389648438,143.38999938964844,64522000
2022-10-21,AAPL,142.8699951171875,147.85000610351562,142.64999389648438,147.27000427246094,86548600
2022-10-24,AAPL,147.19000244140625,150.22999572753906,146.0,149.4499969482422,75981900
2022-10-25,AAPL,150.08999633789062,152.49000549316406,149.36000061035156,152.33999633789062,74732300
2022-10-26,AAPL,150.9600067138672,151.99000549316406,148.0399932861328,149.35000610351562,88194300
2022-10-27,AAPL,148.07000732421875,149.0500030517578,144.1300048828125,144.8000030517578,109180200
2022-10-28,AAPL,148.1999969482422,157.5,147.82000732421875,155.74000549316406,164762400
2022-10-31,AAPL,153.16000366210938,154.24000549316406,151.9199981689453,153.33999633789062,97943200
2022-11-01,AAPL,155.0800018310547,155.4499969482422,149.1300048828125,150.64999389648438,80379300
2022-11-02,AAPL,148.9499969482422,152.1699981689453,145.0,145.02999877929688,93604600
2022-11-03,AAPL,142.05999755859375,142.8000030517578,138.75,138.8800048828125,97918500
2022-11-04,AAPL,142.08999633789062,142.6699981689453,134.3800048828125,138.3800048828125,140814800
2022-11-07,AAPL,137.11000061035156,139.14999389648438,135.6699981689453,138.9199981689453,83374600
2022-11-08,AAPL,140.41000366210938,141.42999267578125,137.49000549316406,139.5,89908500
2022-11-09,AAPL,138.5,138.5500030517578,134.58999633789062,134.8699951171875,74917800
2022-11-10,AAPL,141.24000549316406,146.8699951171875,139.5,146.8699951171875,118854000
2022-11-11,AAPL,145.82000732421875,150.00999450683594,144.3699951171875,149.6999969482422,93979700
2022-11-14,AAPL,148.97000122070312,150.27999877929688,147.42999267578125,148.27999877929688,73374100
2022-11-15,AAPL,152.22000122070312,153.58999633789062,148.55999755859375,150.0399932861328,89868300
2022-11-16,AAPL,149.1300048828125,149.8699951171875,147.2899932861328,148.7899932861328,64218300
2022-11-17,AAPL,146.42999267578125,151.47999572753906,146.14999389648438,150.72000122070312,80389400
2022-11-18,AAPL,152.30999755859375,152.6999969482422,149.97000122070312,151.2899932861328,74829600
2022-11-21,AAPL,150.16000366210938,150.3699951171875,147.72000122070312,148.00999450683594,58724100
2022-11-22,AAPL,148.1300048828125,150.4199981689453,146.92999267578125,150.17999267578125,51804100
2022-11-23,AAPL,149.4499969482422,151.8300018310547,149.33999633789062,151.07000732421875,58301400
2022-11-25,AAPL,148.30999755859375,148.8800048828125,147.1199951171875,148.11000061035156,35195900
2022-11-28,AAPL,145.13999938964844,146.63999938964844,143.3800048828125,144.22000122070312,69246000
2022-11-29,AAPL,144.2899932861328,144.80999755859375,140.35000610351562,141.1699981689453,83763800
2022-11-30,AAPL,141.39999389648438,148.72000122070312,140.5500030517578,148.02999877929688,111380900
2022-12-01,AAPL,148.2100067138672,149.1300048828125,146.61000061035156,148.30999755859375,71250400
2022-12-02,AAPL,145.9600067138672,148.0,145.64999389648438,147.80999755859375,65447400
2022-12-05,AAPL,147.77000427246094,150.9199981689453,145.77000427246094,146.6300048828125,68826400
2022-12-06,AAPL,147.07000732421875,147.3000030517578,141.9199981689453,142.91000366210938,64727200
2022-12-07,AAPL,142.19000244140625,143.3699951171875,140.0,140.94000244140625,69721100
2022-12-08,AAPL,142.36000061035156,143.52000427246094,141.10000610351562,142.64999389648438,62128300
2022-12-09,AAPL,142.33999633789062,145.57000732421875,140.89999389648438,142.16000366210938,76097000
2022-12-12,AAPL,142.6999969482422,144.5,141.05999755859375,144.49000549316406,70462700
2022-12-13,AAPL,149.5,149.97000122070312,144.24000549316406,145.47000122070312,93886200
2022-12-14,AAPL,145.35000610351562,146.66000366210938,141.16000366210938,143.2100067138672,82291200
2022-12-15,AAPL,141.11000061035156,141.8000030517578,136.02999877929688,136.5,98931900
2022-12-16,AAPL,136.69000244140625,137.64999389648438,133.72999572753906,134.50999450683594,160156900
2022-12-19,AAPL,135.11000061035156,135.1999969482422,131.32000732421875,132.3699951171875,79592600
2022-12-20,AAPL,131.38999938964844,133.25,129.88999938964844,132.3000030517578,77432800
2022-12-21,AAPL,132.97999572753906,136.80999755859375,132.75,135.4499969482422,85928000
2022-12-22,AAPL,134.35000610351562,134.55999755859375,130.3000030517578,132.22999572753906,77852100
2022-12-23,AAPL,130.9199981689453,132.4199981689453,129.63999938964844,131.86000061035156,63814900
2022-12-27,AAPL,131.3800048828125,131.41000366210938,128.72000122070312,130.02999877929688,69007800
2022-12-28,AAPL,129.6699981689453,131.02999877929688,125.87000274658203,126.04000091552734,85438400
2022-12-29,AAPL,127.98999786376953,130.47999572753906,127.7300033569336,129.61000061035156,75703700
2022-12-30,AAPL,128.41000366210938,129.9499969482422,127.43000030517578,129.92999267578125,77034200
2023-01-03,AAPL,130.27999877929688,130.89999389648438,124.16999816894531,125.06999969482422,112117500
2023-01-04,AAPL,126.88999938964844,128.66000366210938,125.08000183105469,126.36000061035156,89113600
2023-01-05,AAPL,127.12999725341797,127.7699966430664,124.76000213623047,125.0199966430664,80962700
2023-01-06,AAPL,126.01000213623047,130.2899932861328,124.88999938964844,129.6199951171875,87754700
2023-01-09,AAPL,130.47000122070312,133.41000366210938,129.88999938964844,130.14999389648438,70790800
2023-01-10,AAPL,130.25999450683594,131.25999450683594,128.1199951171875,130.72999572753906,63896200
2023-01-11,AAPL,131.25,133.50999450683594,130.4600067138672,133.49000549316406,69458900
2023-01-12,AAPL,133.8800048828125,134.25999450683594,131.44000244140625,133.41000366210938,71379600
2023-01-13,AAPL,132.02999877929688,134.9199981689453,131.66000366210938,134.75999450683594,57809700
2023-01-17,AAPL,134.8300018310547,137.2899932861328,134.1300048828125,135.94000244140625,63646600
2023-01-18,AAPL,136.82000732421875,138.61000061035156,135.02999877929688,135.2100067138672,69672800
2023-01-19,AAPL,134.0800018310547,136.25,133.77000427246094,135.27000427246094,58280400
2023-01-20,AAPL,135.27999877929688,138.02000427246094,134.22000122070312,137.8699951171875,80223600
2023-01-23,AAPL,138.1199951171875,143.32000732421875,137.89999389648438,141.11000061035156,81760300
2023-01-24,AAPL,140.30999755859375,143.16000366210938,140.3000030517578,142.52999877929688,66435100
2023-01-25,AAPL,140.88999938964844,142.42999267578125,138.80999755859375,141.86000061035156,65799300
2023-01-26,AAPL,143.1699981689453,144.25,141.89999389648438,143.9600067138672,54105100
2023-01-27,AAPL,143.16000366210938,147.22999572753906,143.0800018310547,145.92999267578125,70555800
2023-01-30,AAPL,144.9600067138672,145.5500030517578,142.85000610351562,143.0,64015300
2023-01-31,AAPL,142.6999969482422,144.33999633789062,142.27999877929688,144.2899932861328,65874500
2023-02-01,AAPL,143.97000122070312,146.61000061035156,141.32000732421875,145.42999267578125,77663600
2023-02-02,AAPL,148.89999389648438,151.17999267578125,148.1699981689453,150.82000732421875,118339000
2023-02-03,AAPL,148.02999877929688,157.3800048828125,147.8300018310547,154.5,154357300
2023-02-06,AAPL,152.57000732421875,153.10000610351562,150.77999877929688,151.72999572753906,69858300
2023-02-07,AAPL,150.63999938964844,155.22999572753906,150.63999938964844,154.64999389648438,83322600
2023-02-08,AAPL,153.8800048828125,154.5800018310547,151.1699981689453,151.9199981689453,64120100
2023-02-09,AAPL,153.77999877929688,154.3300018310547,150.4199981689453,150.8699951171875,56007100
2023-02-10,AAPL,149.4600067138672,151.33999633789062,149.22000122070312,151.00999450683594,57450700
2023-02-13,AAPL,150.9499969482422,154.25999450683594,150.9199981689453,153.85000610351562,62199000
2023-02-14,AAPL,152.1199951171875,153.77000427246094,150.86000061035156,153.1999969482422,61707600
2023-02-15,AAPL,153.11000061035156,155.5,152.8800048828125,155.3300018310547,65573800
2023-02-16,AAPL,153.50999450683594,156.3300018310547,153.35000610351562,153.7100067138672,68167900
2023-02-17,AAPL,152.35000610351562,153.0,150.85000610351562,152.5500030517578,59144100
2023-02-21,AAPL,150.1999969482422,151.3000030517578,148.41000366210938,148.47999572753906,58867200
2023-02-22,AAPL,148.8699951171875,149.9499969482422,147.16000366210938,148.91000366210938,51011300
2023-02-23,AAPL,150.08999633789062,150.33999633789062,147.24000549316406,149.39999389648438,48394200
2023-02-24,AAPL,147.11000061035156,147.19000244140625,145.72000122070312,146.7100067138672,55469600
2023-02-27,AAPL,147.7100067138672,149.1699981689453,147.4499969482422,147.9199981689453,44998500
2023-02-28,AAPL,147.0500030517578,149.0800018310547,146.8300018310547,147.41000366210938,50547000
2023-03-01,AAPL,146.8300018310547,147.22999572753906,145.00999450683594,145.30999755859375,55479000
2023-03-02,AAPL,144.3800048828125,146.7100067138672,143.89999389648438,145.91000366210938,52238100
2023-03-03,AAPL,148.0399932861328,151.11000061035156,147.3300018310547,151.02999877929688,70732300
2023-03-06,AAPL,153.7899932861328,156.3000030517578,153.4600067138672,153.8300018310547,87558000
2023-03-07,AAPL,153.6999969482422,154.02999877929688,151.1300048828125,151.60000610351562,56182000
2023-03-08,AAPL,152.80999755859375,153.47000122070312,151.8300018310547,152.8699951171875,47204800
2023-03-09,AAPL,153.55999755859375,154.5399932861328,150.22999572753906,150.58999633789062,53833600
2023-03-10,AAPL,150.2100067138672,150.94000244140625,147.61000061035156,148.5,68572400
2023-03-13,AAPL,147.80999755859375,153.13999938964844,147.6999969482422,150.47000122070312,84457100
2023-03-14,AAPL,151.27999877929688,153.39999389648438,150.10000610351562,152.58999633789062,73695900
2023-03-15,AAPL,151.19000244140625,153.25,149.9199981689453,152.99000549316406,77167900
2023-03-16,AAPL,152.16000366210938,156.4600067138672,151.63999938964844,155.85000610351562,76161100
2023-03-17,AAPL,156.0800018310547,156.74000549316406,154.27999877929688,155.0,98944600
2023-03-20,AAPL,155.07000732421875,157.82000732421875,154.14999389648438,157.39999389648438,73641400
2023-03-21,AAPL,157.32000732421875,159.39999389648438,156.5399932861328,159.27999877929688,73938300
2023-03-22,AAPL,159.3000030517578,162.13999938964844,157.80999755859375,157.8300018310547,75701800
2023-03-23,AAPL,158.8300018310547,161.5500030517578,157.67999267578125,158.92999267578125,67622100
2023-03-24,AAPL,158.86000061035156,160.33999633789062,157.85000610351562,160.25,59196500
2023-03-27,AAPL,159.94000244140625,160.77000427246094,157.8699951171875,158.27999877929688,52390300
2023-03-28,AAPL,157.97000122070312,158.49000549316406,155.97999572753906,157.64999389648438,45992200
2023-03-29,AAPL,159.3699951171875,161.0500030517578,159.35000610351562,160.77000427246094,51305700
2023-03-30,AAPL,161.52999877929688,162.47000122070312,161.27000427246094,162.36000061035156,49501700
2023-03-31,AAPL,162.44000244140625,165.0,161.91000366210938,164.89999389648438,68694700
2022-05-02,MSFT,277.7099914550781,284.94000244140625,276.2200012207031,284.4700012207031,35151100
2022-05-03,MSFT,283.9599914550781,284.1300048828125,280.1499938964844,281.7799987792969,25978600
2022-05-04,MSFT,282.5899963378906,290.8800048828125,276.7300109863281,289.9800109863281,33599300
2022-05-05,MSFT,285.5400085449219,286.3500061035156,274.3399963378906,277.3500061035156,43260400
2022-05-06,MSFT,274.80999755859375,279.25,271.2699890136719,274.7300109863281,37780300
2022-05-09,MSFT,270.05999755859375,272.3599853515625,263.32000732421875,264.5799865722656,47726000
2022-05-10,MSFT,271.69000244140625,273.75,265.07000732421875,269.5,39336400
2022-05-11,MSFT,265.67999267578125,271.3599853515625,259.29998779296875,260.54998779296875,48975900
2022-05-12,MSFT,257.69000244140625,259.8800048828125,250.02000427246094,255.35000610351562,51033800
2022-05-13,MSFT,257.3500061035156,263.0400085449219,255.35000610351562,261.1199951171875,34925100
2022-05-16,MSFT,259.9599914550781,265.82000732421875,255.77999877929688,261.5,32550900
2022-05-17,MSFT,266.1099853515625,268.3299865722656,262.4599914550781,266.82000732421875,28828800
2022-05-18,MSFT,263.0,263.6000061035156,252.77000427246094,254.0800018310547,31356000
2022-05-19,MSFT,253.89999389648438,257.6700134277344,251.8800048828125,253.13999938964844,32692300
2022-05-20,MSFT,257.239990234375,258.5400085449219,246.44000244140625,252.55999755859375,39199300
2022-05-23,MSFT,255.49000549316406,261.5,253.42999267578125,260.6499938964844,33175400
2022-05-24,MSFT,257.8900146484375,261.3299865722656,253.5,259.6199951171875,29043900
2022-05-25,MSFT,258.1400146484375,264.5799865722656,257.1300048828125,262.5199890136719,28547900
2022-05-26,MSFT,262.2699890136719,267.1099853515625,261.42999267578125,265.8999938964844,25002100
2022-05-27,MSFT,268.4800109863281,273.3399963378906,267.55999755859375,273.239990234375,26910800
2022-05-31,MSFT,272.5299987792969,274.7699890136719,268.92999267578125,271.8699951171875,37827700
2022-06-01,MSFT,275.20001220703125,277.69000244140625,270.0400085449219,272.4200134277344,25292200
2022-06-02,MSFT,264.45001220703125,274.6499938964844,261.6000061035156,274.5799865722656,44008200
2022-06-03,MSFT,270.30999755859375,273.45001220703125,268.4100036621094,270.0199890136719,28059000
2022-06-06,MSFT,272.05999755859375,274.17999267578125,267.2200012207031,268.75,22400300
2022-06-07,MSFT,266.6400146484375,273.1300048828125,265.94000244140625,272.5,22860700
2022-06-08,MSFT,271.7099914550781,273.0,269.6099853515625,270.4100036621094,17372300
2022-06-09,MSFT,267.7799987792969,272.7099914550781,264.6300048828125,264.7900085449219,26439700
2022-06-10,MSFT,260.5799865722656,260.5799865722656,252.52999877929688,252.99000549316406,31422800
2022-06-13,MSFT,245.11000061035156,249.02000427246094,241.52999877929688,242.25999450683594,46135800
2022-06-14,MSFT,243.86000061035156,245.74000549316406,241.50999450683594,244.49000549316406,28651500
2022-06-15,MSFT,248.30999755859375,255.3000030517578,246.4199981689453,251.75999450683594,33111700
2022-06-16,MSFT,245.97999572753906,247.4199981689453,243.02000427246094,244.97000122070312,33169200
2022-06-17,MSFT,244.6999969482422,250.5,244.02999877929688,247.64999389648438,43084800
2022-06-21,MSFT,250.25999450683594,254.75,249.50999450683594,253.74000549316406,29928300
2022-06-22,MSFT,251.88999938964844,257.1700134277344,250.3699951171875,253.1300048828125,25939900
2022-06-23,MSFT,255.57000732421875,259.3699951171875,253.6300048828125,258.8599853515625,25861400
2022-06-24,MSFT,261.80999755859375,267.9800109863281,261.7200012207031,267.70001220703125,33923200
2022-06-27,MSFT,268.2099914550781,268.29998779296875,263.2799987792969,264.8900146484375,24615100
2022-06-28,MSFT,263.9800109863281,266.9100036621094,256.32000732421875,256.4800109863281,27295500
2022-06-29,MSFT,257.5899963378906,261.9700012207031,255.75999450683594,260.260009765625,20069800
2022-06-30,MSFT,257.04998779296875,259.5299987792969,252.89999389648438,256.8299865722656,31730900
2022-07-01,MSFT,256.3900146484375,259.7699890136719,254.61000061035156,259.5799865722656,22837700
2022-07-05,MSFT,256.1600036621094,262.9800109863281,254.74000549316406,262.8500061035156,22941000
2022-07-06,MSFT,263.75,267.989990234375,262.3999938964844,266.2099914550781,23824400
2022-07-07,MSFT,265.1199951171875,269.05999755859375,265.0199890136719,268.3999938964844,20859900
2022-07-08,MSFT,264.7900085449219,268.1000061035156,263.2900085449219,267.6600036621094,19658800
2022-07-11,MSFT,265.6499938964844,266.5299987792969,262.17999267578125,264.510009765625,19455200
2022-07-12,MSFT,265.8800048828125,265.94000244140625,252.0399932861328,253.6699981689453,35868500
2022-07-13,MSFT,250.19000244140625,253.5500030517578,248.11000061035156,252.72000122070312,29497400
2022-07-14,MSFT,250.57000732421875,255.13999938964844,245.94000244140625,254.0800018310547,25102800
2022-07-15,MSFT,255.72000122070312,260.3699951171875,254.77000427246094,256.7200012207031,29774100
2022-07-18,MSFT,259.75,260.8399963378906,253.3000030517578,254.25,20975000
2022-07-19,MSFT,257.5799865722656,259.7200012207031,253.67999267578125,259.5299987792969,25012600
2022-07-20,MSFT,259.8999938964844,264.8699951171875,258.9100036621094,262.2699890136719,22788300
2022-07-21,MSFT,259.7900085449219,264.8900146484375,257.0299987792969,264.8399963378906,22404700
2022-07-22,MSFT,265.239990234375,265.3299865722656,259.07000732421875,260.3599853515625,21881300
2022-07-25,MSFT,261.0,261.5,256.80999755859375,258.8299865722656,21056000
2022-07-26,MSFT,259.8599853515625,259.8800048828125,249.57000732421875,251.89999389648438,39348000
2022-07-27,MSFT,261.1600036621094,270.04998779296875,258.8500061035156,268.739990234375,45994000
2022-07-28,MSFT,269.75,277.8399963378906,267.8699951171875,276.4100036621094,33459300
2022-07-29,MSFT,277.70001220703125,282.0,276.6300048828125,280.739990234375,32152800
2022-08-01,MSFT,277.82000732421875,281.2799987792969,275.8399963378906,278.010009765625,21539600
2022-08-02,MSFT,276.0,277.8900146484375,272.3800048828125,274.82000732421875,22754200
2022-08-03,MSFT,276.760009765625,283.5,276.6099853515625,282.4700012207031,23518900
2022-08-04,MSFT,281.79998779296875,283.79998779296875,280.1700134277344,283.6499938964844,18098700
2022-08-05,MSFT,279.1499938964844,283.6499938964844,278.67999267578125,282.9100036621094,16774600
2022-08-08,MSFT,284.04998779296875,285.9200134277344,279.32000732421875,280.32000732421875,18739200
2022-08-09,MSFT,279.6400146484375,283.0799865722656,277.6099853515625,282.29998779296875,23405200
2022-08-10,MSFT,288.1700134277344,289.80999755859375,286.94000244140625,289.1600036621094,24687800
2022-08-11,MSFT,290.8500061035156,291.2099914550781,286.510009765625,287.0199890136719,20065900
2022-08-12,MSFT,288.4800109863281,291.9100036621094,286.94000244140625,291.9100036621094,22619700
2022-08-15,MSFT,291.0,294.17999267578125,290.1099853515625,293.4700012207031,18085700
2022-08-16,MSFT,291.989990234375,294.0400085449219,290.4200134277344,292.7099914550781,18102900
2022-08-17,MSFT,289.739990234375,293.3500061035156,289.4700012207031,291.32000732421875,18253400
2022-08-18,MSFT,290.19000244140625,291.9100036621094,289.0799865722656,290.1700134277344,17186200
2022-08-19,MSFT,288.8999938964844,289.25,285.55999755859375,286.1499938964844,20570000
2022-08-22,MSFT,282.0799865722656,282.4599914550781,277.2200012207031,277.75,25061100
2022-08-23,MSFT,276.44000244140625,278.8599853515625,275.3999938964844,276.44000244140625,17527400
2022-08-24,MSFT,275.4100036621094,277.2300109863281,275.1099853515625,275.7900085449219,18137000
2022-08-25,MSFT,277.3299865722656,279.0199890136719,274.5199890136719,278.8500061035156,16583400
2022-08-26,MSFT,279.0799865722656,280.3399963378906,267.9800109863281,268.0899963378906,27549300
2022-08-29,MSFT,265.8500061035156,267.3999938964844,263.8500061035156,265.2300109863281,20338500
2022-08-30,MSFT,266.6700134277344,267.04998779296875,260.6600036621094,262.9700012207031,22767100
2022-08-31,MSFT,265.3900146484375,267.1099853515625,261.3299865722656,261.4700012207031,24791800
2022-09-01,MSFT,258.8699951171875,260.8900146484375,255.41000366210938,260.3999938964844,23263400
2022-09-02,MSFT,261.70001220703125,264.739990234375,254.47000122070312,256.05999755859375,22855400
2022-09-06,MSFT,256.20001220703125,257.8299865722656,251.94000244140625,253.25,21328200
2022-09-07,MSFT,254.6999969482422,258.8299865722656,253.22000122070312,258.0899963378906,24126700
2022-09-08,MSFT,257.510009765625,260.42999267578125,254.7899932861328,258.5199890136719,20319900
2022-09-09,MSFT,260.5,265.2300109863281,260.2900085449219,264.4599914550781,22084700
2022-09-12,MSFT,265.7799987792969,267.45001220703125,265.1600036621094,266.6499938964844,18747700
2022-09-13,MSFT,258.8399963378906,260.3999938964844,251.58999633789062,251.99000549316406,33353300
2022-09-14,MSFT,253.52999877929688,254.22999572753906,249.86000061035156,252.22000122070312,23913000
2022-09-15,MSFT,249.77000427246094,251.39999389648438,244.02000427246094,245.3800048828125,31530900
2022-09-16,MSFT,244.25999450683594,245.3000030517578,242.05999755859375,244.74000549316406,39791800
2022-09-19,MSFT,242.47000122070312,245.13999938964844,240.85000610351562,244.52000427246094,26826900
2022-09-20,MSFT,242.07000732421875,243.50999450683594,239.63999938964844,242.4499969482422,26660300
2022-09-21,MSFT,244.27000427246094,247.66000366210938,238.89999389648438,238.9499969482422,28625600
2022-09-22,MSFT,237.8699951171875,243.86000061035156,237.57000732421875,240.97999572753906,31061200
2022-09-23,MSFT,239.5399932861328,241.1300048828125,235.1999969482422,237.9199981689453,34176000
2022-09-26,MSFT,237.0500030517578,241.4499969482422,236.89999389648438,237.4499969482422,27694200
2022-09-27,MSFT,239.97999572753906,241.8000030517578,234.5,236.41000366210938,27018700
2022-09-28,MSFT,236.80999755859375,242.3300018310547,234.72999572753906,241.07000732421875,29029700
2022-09-29,MSFT,238.88999938964844,239.9499969482422,234.41000366210938,237.5,27484200
2022-09-30,MSFT,238.2899932861328,240.5399932861328,232.72999572753906,232.89999389648438,35694800
2022-10-03,MSFT,235.41000366210938,241.61000061035156,234.66000366210938,240.74000549316406,28880400
2022-10-04,MSFT,245.08999633789062,250.36000061035156,244.97999572753906,248.8800048828125,34888400
2022-10-05,MSFT,245.99000549316406,250.5800018310547,244.10000610351562,249.1999969482422,20347100
2022-10-06,MSFT,247.92999267578125,250.33999633789062,246.0800018310547,246.7899932861328,20239900
2022-10-07,MSFT,240.89999389648438,241.32000732421875,233.1699981689453,234.24000549316406,37769600
2022-10-10,MSFT,233.0500030517578,234.55999755859375,226.72999572753906,229.25,29743600
2022-10-11,MSFT,227.6199951171875,229.05999755859375,224.11000061035156,225.41000366210938,30474000
2022-10-12,MSFT,225.39999389648438,227.86000061035156,223.9600067138672,225.75,21903900
2022-10-13,MSFT,219.85000610351562,236.10000610351562,219.1300048828125,234.24000549316406,42551800
2022-10-14,MSFT,235.5399932861328,237.24000549316406,228.33999633789062,228.55999755859375,30198600
2022-10-17,MSFT,235.82000732421875,238.9600067138672,235.13999938964844,237.52999877929688,28142300
2022-10-18,MSFT,243.24000549316406,243.92999267578125,235.3699951171875,238.5,26329600
2022-10-19,MSFT,237.0399932861328,239.61000061035156,234.2899932861328,236.47999572753906,19985700
2022-10-20,MSFT,235.77000427246094,241.30999755859375,234.8699951171875,236.14999389648438,21811000
2022-10-21,MSFT,234.74000549316406,243.0,234.5,242.1199951171875,26299700
2022-10-24,MSFT,243.75999450683594,247.83999633789062,241.3000030517578,247.25,24911200
2022-10-25,MSFT,247.25999450683594,251.0399932861328,245.8300018310547,250.66000366210938,34775500
2022-10-26,MSFT,231.1699981689453,238.3000030517578,230.05999755859375,231.32000732421875,82543200
2022-10-27,MSFT,231.0399932861328,233.69000244140625,225.77999877929688,226.75,40424600
2022-10-28,MSFT,226.24000549316406,236.60000610351562,226.0500030517578,235.8699951171875,40647700
2022-10-31,MSFT,233.75999450683594,234.9199981689453,231.14999389648438,232.1300048828125,28357300
2022-11-01,MSFT,234.60000610351562,235.74000549316406,227.3300018310547,228.1699981689453,30592300
2022-11-02,MSFT,229.4600067138672,231.3000030517578,220.0399932861328,220.10000610351562,38407000
2022-11-03,MSFT,220.08999633789062,220.41000366210938,213.97999572753906,214.25,36633900
2022-11-04,MSFT,217.5500030517578,221.58999633789062,213.42999267578125,221.38999938964844,36789100
2022-11-07,MSFT,221.99000549316406,228.41000366210938,221.27999877929688,227.8699951171875,33498000
2022-11-08,MSFT,228.6999969482422,231.64999389648438,225.83999633789062,228.8699951171875,28192500
2022-11-09,MSFT,227.3699951171875,228.6300048828125,224.3300018310547,224.50999450683594,27852900
2022-11-10,MSFT,235.42999267578125,243.3300018310547,235.0,242.97999572753906,46268000
2022-11-11,MSFT,242.99000549316406,247.99000549316406,241.92999267578125,247.11000061035156,34620200
2022-11-14,MSFT,241.99000549316406,243.91000366210938,239.2100067138672,241.5500030517578,31123300
2022-11-15,MSFT,245.66000366210938,247.0,240.02999877929688,241.97000122070312,31390100
2022-11-16,MSFT,242.7899932861328,243.8000030517578,240.4199981689453,241.72999572753906,24093300
2022-11-17,MSFT,237.77999877929688,243.25,237.6300048828125,241.67999267578125,23123500
2022-11-18,MSFT,243.50999450683594,243.74000549316406,239.02999877929688,241.22000122070312,27613500
2022-11-21,MSFT,241.42999267578125,244.6699981689453,241.19000244140625,242.0500030517578,26394700
2022-11-22,MSFT,243.58999633789062,245.30999755859375,240.7100067138672,245.02999877929688,19665700
2022-11-23,MSFT,245.11000061035156,248.27999877929688,244.27000427246094,247.5800018310547,19508500
2022-11-25,MSFT,247.30999755859375,248.6999969482422,246.72999572753906,247.49000549316406,9200800
2022-11-28,MSFT,246.0800018310547,246.64999389648438,240.8000030517578,241.75999450683594,24778200
2022-11-29,MSFT,241.39999389648438,242.7899932861328,238.2100067138672,240.3300018310547,17956300
2022-11-30,MSFT,240.57000732421875,255.3300018310547,239.86000061035156,255.13999938964844,47594200
2022-12-01,MSFT,253.8699951171875,256.1199951171875,250.9199981689453,254.69000244140625,26041500
2022-12-02,MSFT,249.82000732421875,256.05999755859375,249.69000244140625,255.02000427246094,21528500
2022-12-05,MSFT,252.00999450683594,253.82000732421875,248.05999755859375,250.1999969482422,23435300
2022-12-06,MSFT,250.82000732421875,251.86000061035156,243.77999877929688,245.1199951171875,22463700
2022-12-07,MSFT,244.8300018310547,246.16000366210938,242.2100067138672,244.3699951171875,20481500
2022-12-08,MSFT,244.83999633789062,248.74000549316406,243.05999755859375,247.39999389648438,22611800
2022-12-09,MSFT,244.6999969482422,248.30999755859375,244.16000366210938,245.4199981689453,20609700
2022-12-12,MSFT,247.4499969482422,252.5399932861328,247.1699981689453,252.50999450683594,30665100
2022-12-13,MSFT,261.69000244140625,263.9200134277344,253.07000732421875,256.9200134277344,42196900
2022-12-14,MSFT,257.1300048828125,262.5899963378906,254.30999755859375,257.2200012207031,35410900
2022-12-15,MSFT,253.72000122070312,254.1999969482422,247.33999633789062,249.00999450683594,35560400
2022-12-16,MSFT,248.5500030517578,249.83999633789062,243.50999450683594,244.69000244140625,86102000
2022-12-19,MSFT,244.86000061035156,245.2100067138672,238.7100067138672,240.4499969482422,29696400
2022-12-20,MSFT,239.39999389648438,242.91000366210938,238.4199981689453,241.8000030517578,25150800
2022-12-21,MSFT,241.69000244140625,245.6199951171875,240.11000061035156,244.42999267578125,23690600
2022-12-22,MSFT,241.25999450683594,241.99000549316406,233.8699951171875,238.19000244140625,28651700
2022-12-23,MSFT,236.11000061035156,238.8699951171875,233.94000244140625,238.72999572753906,21207000
2022-12-27,MSFT,238.6999969482422,238.92999267578125,235.8300018310547,236.9600067138672,16688600
2022-12-28,MSFT,236.88999938964844,239.72000122070312,234.1699981689453,234.52999877929688,17457100
2022-12-29,MSFT,235.64999389648438,241.9199981689453,235.64999389648438,241.00999450683594,19770700
2022-12-30,MSFT,238.2100067138672,239.9600067138672,236.66000366210938,239.82000732421875,21938500
2023-01-03,MSFT,243.0800018310547,245.75,237.39999389648438,239.5800018310547,25740000
2023-01-04,MSFT,232.27999877929688,232.8699951171875,225.9600067138672,229.10000610351562,50623400
2023-01-05,MSFT,227.1999969482422,227.5500030517578,221.75999450683594,222.30999755859375,39585600
2023-01-06,MSFT,223.0,225.75999450683594,219.35000610351562,224.92999267578125,43613600
2023-01-09,MSFT,226.4499969482422,231.24000549316406,226.41000366210938,227.1199951171875,27369800
2023-01-10,MSFT,227.75999450683594,231.30999755859375,227.3300018310547,228.85000610351562,27033900
2023-01-11,MSFT,231.2899932861328,235.9499969482422,231.11000061035156,235.77000427246094,28669300
2023-01-12,MSFT,235.25999450683594,239.89999389648438,233.55999755859375,238.50999450683594,27269500
2023-01-13,MSFT,237.0,239.3699951171875,234.9199981689453,239.22999572753906,21333300
2023-01-17,MSFT,237.97000122070312,240.91000366210938,237.08999633789062,240.35000610351562,29831300
2023-01-18,MSFT,241.57000732421875,242.3800048828125,235.52000427246094,235.80999755859375,30028700
2023-01-19,MSFT,233.77999877929688,235.52000427246094,230.67999267578125,231.92999267578125,28623000
2023-01-20,MSFT,234.86000061035156,240.74000549316406,234.50999450683594,240.22000122070312,35389800
2023-01-23,MSFT,241.10000610351562,245.1699981689453,239.64999389648438,242.5800018310547,31934000
2023-01-24,MSFT,242.5,243.9499969482422,240.44000244140625,242.0399932861328,40234400
2023-01-25,MSFT,234.47999572753906,243.3000030517578,230.89999389648438,240.61000061035156,66526600
2023-01-26,MSFT,243.64999389648438,248.30999755859375,242.0,248.0,33454500
2023-01-27,MSFT,248.99000549316406,249.8300018310547,246.8300018310547,248.16000366210938,26498900
2023-01-30,MSFT,244.50999450683594,245.60000610351562,242.1999969482422,242.7100067138672,25867400
2023-01-31,MSFT,243.4499969482422,247.9499969482422,242.9499969482422,247.80999755859375,26541100
2023-02-01,MSFT,248.0,255.17999267578125,245.47000122070312,252.75,31259900
2023-02-02,MSFT,258.82000732421875,264.69000244140625,257.25,264.6000061035156,39940400
2023-02-03,MSFT,259.5400085449219,264.20001220703125,257.1000061035156,258.3500061035156,29077300
2023-02-06,MSFT,257.44000244140625,258.29998779296875,254.77999877929688,256.7699890136719,22518000
2023-02-07,MSFT,260.5299987792969,268.7699890136719,260.0799865722656,267.55999755859375,50841400
2023-02-08,MSFT,273.20001220703125,276.760009765625,266.2099914550781,266.7300109863281,54686000
2023-02-09,MSFT,273.79998779296875,273.9800109863281,262.79998779296875,263.6199951171875,42375100
2023-02-10,MSFT,261.5299987792969,264.0899963378906,260.6600036621094,263.1000061035156,25818500
2023-02-13,MSFT,267.6400146484375,274.6000061035156,267.1499938964844,271.32000732421875,44630900
2023-02-14,MSFT,272.6700134277344,274.9700012207031,269.2799987792969,272.1700134277344,37047900
2023-02-15,MSFT,268.32000732421875,270.7300109863281,266.17999267578125,269.32000732421875,28922400
2023-02-16,MSFT,264.0199890136719,266.739990234375,261.8999938964844,262.1499938964844,29603600
2023-02-17,MSFT,259.3900146484375,260.0899963378906,256.0,258.05999755859375,30000100
2023-02-21,MSFT,254.47999572753906,255.49000549316406,251.58999633789062,252.6699981689453,28397400
2023-02-22,MSFT,254.08999633789062,254.33999633789062,250.33999633789062,251.50999450683594,22491100
2023-02-23,MSFT,255.55999755859375,256.8399963378906,250.47999572753906,254.77000427246094,29219100
2023-02-24,MSFT,249.9600067138672,251.0,248.10000610351562,249.22000122070312,24990900
2023-02-27,MSFT,252.4600067138672,252.82000732421875,249.38999938964844,250.16000366210938,21190000
2023-02-28,MSFT,249.07000732421875,251.49000549316406,248.72999572753906,249.4199981689453,22491000
2023-03-01,MSFT,250.75999450683594,250.92999267578125,245.7899932861328,246.27000427246094,27565300
2023-03-02,MSFT,246.5500030517578,251.39999389648438,245.61000061035156,251.11000061035156,24808200
2023-03-03,MSFT,252.19000244140625,255.6199951171875,251.38999938964844,255.2899932861328,30760100
2023-03-06,MSFT,256.42999267578125,260.1199951171875,255.97999572753906,256.8699951171875,24109800
2023-03-07,MSFT,256.29998779296875,257.69000244140625,253.38999938964844,254.14999389648438,21473200
2023-03-08,MSFT,254.0399932861328,254.5399932861328,250.80999755859375,253.6999969482422,17340200
2023-03-09,MSFT,255.82000732421875,259.55999755859375,251.5800018310547,252.32000732421875,26653400
2023-03-10,MSFT,251.0800018310547,252.7899932861328,247.60000610351562,248.58999633789062,28333900
2023-03-13,MSFT,247.39999389648438,257.9100036621094,245.72999572753906,253.9199981689453,33339700
2023-03-14,MSFT,256.75,261.07000732421875,255.86000061035156,260.7900085449219,33620300
2023-03-15,MSFT,259.9800109863281,266.4800109863281,259.2099914550781,265.44000244140625,46028000
2023-03-16,MSFT,265.2099914550781,276.55999755859375,263.2799987792969,276.20001220703125,54768800
2023-03-17,MSFT,278.260009765625,283.3299865722656,276.32000732421875,279.42999267578125,69527400
2023-03-20,MSFT,276.9800109863281,277.4800109863281,269.8500061035156,272.2300109863281,43466600
2023-03-21,MSFT,274.8800048828125,275.0,269.5199890136719,273.7799987792969,34558700
2023-03-22,MSFT,273.3999938964844,281.0400085449219,272.17999267578125,272.2900085449219,34873300
2023-03-23,MSFT,277.94000244140625,281.05999755859375,275.20001220703125,277.6600036621094,36610900
2023-03-24,MSFT,277.239990234375,280.6300048828125,275.2799987792969,280.57000732421875,28172000
2023-03-27,MSFT,280.5,281.4599914550781,275.5199890136719,276.3800048828125,26840200
2023-03-28,MSFT,275.7900085449219,276.1400146484375,272.04998779296875,275.2300109863281,21878600
2023-03-29,MSFT,278.9599914550781,281.1400146484375,278.4100036621094,280.510009765625,25087000
2023-03-30,MSFT,284.2300109863281,284.4599914550781,281.4800109863281,284.04998779296875,25053400
2023-03-31,MSFT,283.7300109863281,289.2699890136719,283.0,288.29998779296875,32740300
2022-05-02,AMZN,122.4010009765625,124.66799926757812,118.375,124.5,148788000
2022-05-03,AMZN,124.05349731445312,126.22049713134766,122.82499694824219,124.25350189208984,79134000
2022-05-04,AMZN,123.5999984741211,126.0,119.18299865722656,125.92849731445312,110746000
2022-05-05,AMZN,123.0,123.4990005493164,115.07250213623047,116.40699768066406,144392000
2022-05-06,AMZN,114.8499984741211,119.05049896240234,113.08149719238281,114.77249908447266,124260000
2022-05-09,AMZN,111.3125,114.0,107.95700073242188,108.78900146484375,128124000
2022-05-10,AMZN,111.25,112.64250183105469,107.1709976196289,108.85900115966797,105434000
2022-05-11,AMZN,108.10350036621094,110.15599822998047,104.42849731445312,105.37200164794922,109704000
2022-05-12,AMZN,102.75,110.78050231933594,102.40550231933594,106.93049621582031,132026000
2022-05-13,AMZN,109.06900024414062,113.18399810791016,107.80000305175781,113.05500030517578,93684000
2022-05-16,AMZN,113.0999984741211,113.99250030517578,110.35399627685547,110.81050109863281,74566000
2022-05-17,AMZN,113.2750015258789,115.80000305175781,111.27649688720703,115.36849975585938,76448000
2022-05-18,AMZN,111.43949890136719,112.85299682617188,106.2490005493164,107.11250305175781,108380000
2022-05-19,AMZN,106.28050231933594,110.03399658203125,106.19300079345703,107.31900024414062,88142000
2022-05-20,AMZN,109.56849670410156,109.89800262451172,105.0094985961914,107.59100341796875,99500000
2022-05-23,AMZN,108.46099853515625,108.81900024414062,103.94999694824219,107.55699920654297,107798000
2022-05-24,AMZN,104.0250015258789,105.4000015258789,101.26000213623047,104.0999984741211,102934000
2022-05-25,AMZN,103.65550231933594,108.17500305175781,103.6500015258789,106.7750015258789,93120000
2022-05-26,AMZN,107.97000122070312,112.66549682617188,107.45349884033203,111.07749938964844,93002000
2022-05-27,AMZN,113.55000305175781,115.18699645996094,112.62799835205078,115.14649963378906,93660000
2022-05-31,AMZN,116.27999877929688,121.99449920654297,115.67500305175781,120.20950317382812,144634000
2022-06-01,AMZN,122.25599670410156,125.17900085449219,120.62249755859375,121.68399810791016,127528000
2022-06-02,AMZN,121.68399810791016,125.61000061035156,120.04499816894531,125.51100158691406,100560000
2022-06-03,AMZN,124.19999694824219,124.4000015258789,121.04650115966797,122.3499984741211,97604000
2022-06-06,AMZN,125.25,128.99000549316406,123.80999755859375,124.79000091552734,135269000
2022-06-07,AMZN,122.01000213623047,124.0999984741211,120.62999725341797,123.0,85156700
2022-06-08,AMZN,122.61000061035156,123.75,120.75,121.18000030517578,64926600
2022-06-09,AMZN,119.98999786376953,121.30000305175781,116.0999984741211,116.1500015258789,67029800
2022-06-10,AMZN,113.41999816894531,114.5,109.05000305175781,109.6500015258789,87266000
2022-06-13,AMZN,104.19000244140625,106.54000091552734,101.86000061035156,103.66999816894531,99277700
2022-06-14,AMZN,104.19000244140625,104.87999725341797,101.43000030517578,102.30999755859375,69728800
2022-06-15,AMZN,103.86000061035156,109.05999755859375,103.52999877929688,107.66999816894531,85011100
2022-06-16,AMZN,104.47000122070312,104.58000183105469,102.01000213623047,103.66000366210938,82186300
2022-06-17,AMZN,102.80000305175781,106.9800033569336,102.51000213623047,106.22000122070312,99772100
2022-06-21,AMZN,108.19999694824219,111.62999725341797,103.55999755859375,108.68000030517578,70901200
2022-06-22,AMZN,107.43000030517578,112.12999725341797,107.0199966430664,108.94999694824219,60040100
2022-06-23,AMZN,110.38999938964844,113.0,107.93000030517578,112.44000244140625,64345300
2022-06-24,AMZN,112.37999725341797,116.70999908447266,111.43000030517578,116.45999908447266,69867600
2022-06-27,AMZN,117.08999633789062,117.9800033569336,112.69999694824219,113.22000122070312,62133200
2022-06-28,AMZN,113.5,114.8499984741211,107.04000091552734,107.4000015258789,74942900
2022-06-29,AMZN,107.37999725341797,110.98999786376953,106.91000366210938,108.91999816894531,66375300
2022-06-30,AMZN,108.11000061035156,108.18000030517578,102.5199966430664,106.20999908447266,97679400
2022-07-01,AMZN,106.29000091552734,109.75,105.8499984741211,109.55999755859375,73021200
2022-07-05,AMZN,107.5999984741211,114.08000183105469,106.31999969482422,113.5,76583700
2022-07-06,AMZN,113.20999908447266,115.4800033569336,112.01000213623047,114.33000183105469,66958900
2022-07-07,AMZN,113.8499984741211,116.98999786376953,113.48999786376953,116.33000183105469,57872300
2022-07-08,AMZN,114.5999984741211,116.58000183105469,113.69000244140625,115.54000091552734,45719700
2022-07-11,AMZN,114.08000183105469,114.30000305175781,110.87000274658203,111.75,53487600
2022-07-12,AMZN,112.16000366210938,113.2300033569336,108.33999633789062,109.22000122070312,54280300
2022-07-13,AMZN,107.02999877929688,111.77999877929688,106.01000213623047,110.4000015258789,61353800
2022-07-14,AMZN,110.23999786376953,111.18000030517578,107.58000183105469,110.62999725341797,51163100
2022-07-15,AMZN,112.5,115.58999633789062,111.58999633789062,113.55000305175781,84317800
2022-07-18,AMZN,115.0,117.23999786376953,113.1500015258789,113.76000213623047,59115400
2022-07-19,AMZN,115.69999694824219,118.94999694824219,114.02999877929688,118.20999908447266,60990000
2022-07-20,AMZN,118.62000274658203,123.4800033569336,118.31999969482422,122.7699966430664,71268300
2022-07-21,AMZN,123.19999694824219,124.8499984741211,121.26000213623047,124.62999725341797,60239900
2022-07-22,AMZN,125.01000213623047,125.5,121.3499984741211,122.41999816894531,51463800
2022-07-25,AMZN,122.69999694824219,123.63999938964844,120.02999877929688,121.13999938964844,50221300
2022-07-26,AMZN,115.79000091552734,118.1500015258789,114.52999877929688,114.80999755859375,67075100
2022-07-27,AMZN,117.30999755859375,121.9000015258789,117.16000366210938,120.97000122070312,61582000
2022-07-28,AMZN,121.56999969482422,122.83999633789062,118.08000183105469,122.27999877929688,82245500
2022-07-29,AMZN,134.89999389648438,137.64999389648438,132.41000366210938,134.9499969482422,148892900
2022-08-01,AMZN,134.9600067138672,138.8300018310547,133.50999450683594,135.38999938964844,76846900
2022-08-02,AMZN,134.72000122070312,137.44000244140625,134.08999633789062,134.16000366210938,61922400
2022-08-03,AMZN,136.2100067138672,140.49000549316406,136.0500030517578,139.52000427246094,71827800
2022-08-04,AMZN,140.5800018310547,143.55999755859375,139.5500030517578,142.57000732421875,70585000
2022-08-05,AMZN,140.10000610351562,142.86000061035156,139.60000610351562,140.8000030517578,50686900
2022-08-08,AMZN,142.0500030517578,144.22999572753906,138.2899932861328,139.41000366210938,52229000
2022-08-09,AMZN,138.0500030517578,138.9499969482422,136.2100067138672,137.8300018310547,40434700
2022-08-10,AMZN,142.89999389648438,144.60000610351562,141.00999450683594,142.69000244140625,54773800
2022-08-11,AMZN,143.86000061035156,144.49000549316406,139.75999450683594,140.63999938964844,44867300
2022-08-12,AMZN,142.0500030517578,143.57000732421875,140.1199951171875,143.5500030517578,47643500
2022-08-15,AMZN,142.8000030517578,143.75999450683594,141.49000549316406,143.17999267578125,39014600
2022-08-16,AMZN,143.91000366210938,146.57000732421875,142.0,144.77999877929688,59102900
2022-08-17,AMZN,142.69000244140625,143.3800048828125,140.77999877929688,142.10000610351562,48149800
2022-08-18,AMZN,141.32000732421875,142.77000427246094,140.3800048828125,142.3000030517578,37458700
2022-08-19,AMZN,140.47000122070312,141.11000061035156,137.91000366210938,138.22999572753906,47792800
2022-08-22,AMZN,135.72000122070312,136.32000732421875,132.85000610351562,133.22000122070312,50461500
2022-08-23,AMZN,133.41000366210938,134.99000549316406,132.9499969482422,133.6199951171875,36252100
2022-08-24,AMZN,132.75,135.47000122070312,132.10000610351562,133.8000030517578,38627000
2022-08-25,AMZN,135.25999450683594,137.4199981689453,134.27999877929688,137.27999877929688,37496300
2022-08-26,AMZN,136.5500030517578,137.8300018310547,130.5,130.75,53322700
2022-08-29,AMZN,129.89999389648438,131.9499969482422,128.77000427246094,129.7899932861328,48101600
2022-08-30,AMZN,131.25,132.07000732421875,126.8499984741211,128.72999572753906,49203000
2022-08-31,AMZN,129.4499969482422,130.58999633789062,126.73999786376953,126.7699966430664,53648700
2022-09-01,AMZN,126.0,128.02000427246094,123.66000366210938,127.81999969482422,56636100
2022-09-02,AMZN,129.5,131.3800048828125,126.38999938964844,127.51000213623047,57429800
2022-09-06,AMZN,127.91999816894531,128.6199951171875,124.73999786376953,126.11000061035156,43888600
2022-09-07,AMZN,126.12000274658203,129.82000732421875,125.4000015258789,129.47999572753906,47900300
2022-09-08,AMZN,127.72000122070312,130.27999877929688,127.0999984741211,129.82000732421875,43988500
2022-09-09,AMZN,130.91000366210938,133.69000244140625,130.75999450683594,133.27000427246094,49387600
2022-09-12,AMZN,134.10000610351562,136.49000549316406,134.0,136.4499969482422,53826900
2022-09-13,AMZN,131.00999450683594,131.39999389648438,126.2699966430664,126.81999969482422,72694000
2022-09-14,AMZN,127.36000061035156,128.83999633789062,126.33000183105469,128.5500030517578,45316800
2022-09-15,AMZN,127.37999725341797,130.3699951171875,125.5,126.27999877929688,52887200
2022-09-16,AMZN,122.77999877929688,123.87000274658203,120.69999694824219,123.52999877929688,115667800
2022-09-19,AMZN,122.16000366210938,124.70999908447266,121.80000305175781,124.66000366210938,47279700
2022-09-20,AMZN,123.3499984741211,124.4000015258789,121.13999938964844,122.19000244140625,47698400
2022-09-21,AMZN,122.48999786376953,123.76000213623047,118.44999694824219,118.54000091552734,58498900
2022-09-22,AMZN,117.08000183105469,118.79000091552734,116.26000213623047,117.30999755859375,55229200
2022-09-23,AMZN,116.0,116.05000305175781,112.05999755859375,113.77999877929688,65126700
2022-09-26,AMZN,113.30000305175781,117.33999633789062,113.12999725341797,115.1500015258789,62723300
2022-09-27,AMZN,117.19999694824219,118.31999969482422,113.05000305175781,114.41000366210938,60094700
2022-09-28,AMZN,114.37999725341797,118.69999694824219,113.80000305175781,118.01000213623047,55763800
2022-09-29,AMZN,115.5999984741211,116.06999969482422,113.05999755859375,114.80000305175781,58969700
2022-09-30,AMZN,114.08000183105469,116.91999816894531,112.83999633789062,113.0,59479600
2022-10-03,AMZN,113.58000183105469,116.91000366210938,112.44999694824219,115.87999725341797,50941900
2022-10-04,AMZN,119.88999938964844,123.0,119.79000091552734,121.08999633789062,62812600
2022-10-05,AMZN,118.58000183105469,121.75,117.69000244140625,120.94999694824219,48217500
2022-10-06,AMZN,120.7699966430664,121.52999877929688,119.5,120.30000305175781,42253800
2022-10-07,AMZN,118.0,118.16999816894531,113.87999725341797,114.55999755859375,54678000
2022-10-10,AMZN,115.0999984741211,116.25,112.43000030517578,113.66999816894531,42339700
2022-10-11,AMZN,112.70999908447266,115.4800033569336,110.38999938964844,112.20999908447266,56432200
2022-10-12,AMZN,112.48999786376953,113.83000183105469,111.4000015258789,112.9000015258789,45728700
2022-10-13,AMZN,107.87999725341797,113.44000244140625,105.3499984741211,112.52999877929688,86868100
2022-10-14,AMZN,114.0999984741211,114.95999908447266,106.5999984741211,106.9000015258789,67737300
2022-10-17,AMZN,110.11000061035156,114.19000244140625,110.08999633789062,113.79000091552734,62782000
2022-10-18,AMZN,119.05999755859375,119.5199966430664,114.79000091552734,116.36000061035156,65607400
2022-10-19,AMZN,114.70999908447266,116.58999633789062,113.22000122070312,115.06999969482422,47198100
2022-10-20,AMZN,113.83000183105469,118.23999786376953,113.51000213623047,115.25,48795100
2022-10-21,AMZN,114.79000091552734,119.58999633789062,114.5,119.31999969482422,55660500
2022-10-24,AMZN,119.9800033569336,120.38999938964844,116.56999969482422,119.81999969482422,49531500
2022-10-25,AMZN,119.6500015258789,121.31999969482422,118.94999694824219,120.5999984741211,50934600
2022-10-26,AMZN,116.0,119.3499984741211,114.76000213623047,115.66000366210938,68802300
2022-10-27,AMZN,113.91999816894531,114.12000274658203,109.7699966430664,110.95999908447266,129605400
2022-10-28,AMZN,97.91000366210938,103.95999908447266,97.66000366210938,103.41000366210938,223133400
2022-10-31,AMZN,103.55999755859375,104.87000274658203,100.73999786376953,102.44000244140625,99251400
2022-11-01,AMZN,103.98999786376953,104.58000183105469,96.05999755859375,96.79000091552734,153370000
2022-11-02,AMZN,97.31999969482422,97.73999786376953,92.01000213623047,92.12000274658203,135761800
2022-11-03,AMZN,92.47000122070312,93.5,89.0199966430664,89.30000305175781,136683300
2022-11-04,AMZN,91.48999786376953,92.44000244140625,88.04000091552734,90.9800033569336,129101300
2022-11-07,AMZN,91.94999694824219,92.0999984741211,89.04000091552734,90.52999877929688,77495700
2022-11-08,AMZN,90.79000091552734,91.72000122070312,88.2300033569336,89.9800033569336,88703400
2022-11-09,AMZN,89.47000122070312,89.4800033569336,85.87000274658203,86.13999938964844,90796200
2022-11-10,AMZN,92.94000244140625,98.69000244140625,91.6500015258789,96.62999725341797,173414900
2022-11-11,AMZN,97.87999725341797,101.19000244140625,96.66000366210938,100.79000091552734,111590500
2022-11-14,AMZN,98.7699966430664,100.12000274658203,97.29000091552734,98.48999786376953,99533100
2022-11-15,AMZN,103.20999908447266,103.79000091552734,97.33999633789062,98.94000244140625,111336300
2022-11-16,AMZN,96.8499984741211,98.48999786376953,95.54000091552734,97.12000274658203,87958800
2022-11-17,AMZN,95.37000274658203,96.97000122070312,94.02999877929688,94.8499984741211,82617900
2022-11-18,AMZN,95.94999694824219,95.98999786376953,92.4800033569336,94.13999938964844,72428200
2022-11-21,AMZN,93.97000122070312,95.0199966430664,90.58999633789062,92.45999908447266,84330300
2022-11-22,AMZN,92.62000274658203,93.3499984741211,90.87000274658203,93.19999694824219,62192000
2022-11-23,AMZN,93.23999786376953,94.58000183105469,92.83000183105469,94.12999725341797,59414700
2022-11-25,AMZN,93.79000091552734,94.43000030517578,93.06999969482422,93.41000366210938,35088600
2022-11-28,AMZN,93.93000030517578,96.4000015258789,93.43000030517578,93.94999694824219,74943100
2022-11-29,AMZN,94.04000091552734,94.41000366210938,91.44000244140625,92.41999816894531,65567300
2022-11-30,AMZN,92.47000122070312,96.54000091552734,91.52999877929688,96.54000091552734,102805800
2022-12-01,AMZN,96.98999786376953,97.2300033569336,94.91999816894531,95.5,68488000
2022-12-02,AMZN,94.4800033569336,95.36000061035156,93.77999877929688,94.12999725341797,72496400
2022-12-05,AMZN,93.05000305175781,94.05999755859375,90.81999969482422,91.01000213623047,71535500
2022-12-06,AMZN,90.5,91.04000091552734,87.9000015258789,88.25,75503600
2022-12-07,AMZN,88.33999633789062,89.88999938964844,87.4800033569336,88.45999908447266,68086900
2022-12-08,AMZN,89.23999786376953,90.86000061035156,87.87999725341797,90.3499984741211,73305900
2022-12-09,AMZN,88.9000015258789,90.30000305175781,88.62999725341797,89.08999633789062,67398500
2022-12-12,AMZN,89.20999908447266,90.58000183105469,87.87000274658203,90.55000305175781,61999800
2022-12-13,AMZN,95.2300033569336,96.25,90.5199966430664,92.48999786376953,100212000
2022-12-14,AMZN,92.5,93.45999908447266,89.87000274658203,91.58000183105469,70298000
2022-12-15,AMZN,89.88999938964844,89.97000122070312,87.47000122070312,88.44999694824219,84802900
2022-12-16,AMZN,88.2699966430664,89.3499984741211,86.7300033569336,87.86000061035156,146144100
2022-12-19,AMZN,87.51000213623047,87.62999725341797,84.51000213623047,84.91999816894531,83531500
2022-12-20,AMZN,85.33000183105469,86.61000061035156,84.33000183105469,85.19000244140625,74348300
2022-12-21,AMZN,86.18000030517578,87.2300033569336,85.20999908447266,86.7699966430664,59267200
2022-12-22,AMZN,85.5199966430664,85.68000030517578,82.25,83.79000091552734,81431300
2022-12-23,AMZN,83.25,85.77999877929688,82.93000030517578,85.25,57433700
2022-12-27,AMZN,84.97000122070312,85.3499984741211,83.0,83.04000091552734,57284000
2022-12-28,AMZN,82.80000305175781,83.4800033569336,81.69000244140625,81.81999969482422,58228600
2022-12-29,AMZN,82.87000274658203,84.55000305175781,82.55000305175781,84.18000030517578,54995900
2022-12-30,AMZN,83.12000274658203,84.05000305175781,82.47000122070312,84.0,62401200
2023-01-03,AMZN,85.45999908447266,86.95999908447266,84.20999908447266,85.81999969482422,76706000
2023-01-04,AMZN,86.55000305175781,86.9800033569336,83.36000061035156,85.13999938964844,68885100
2023-01-05,AMZN,85.33000183105469,85.41999816894531,83.06999969482422,83.12000274658203,67930800
2023-01-06,AMZN,83.02999877929688,86.4000015258789,81.43000030517578,86.08000183105469,83303400
2023-01-09,AMZN,87.45999908447266,89.4800033569336,87.08000183105469,87.36000061035156,65266100
2023-01-10,AMZN,87.56999969482422,90.19000244140625,87.29000091552734,89.87000274658203,67756600
2023-01-11,AMZN,90.93000030517578,95.26000213623047,90.93000030517578,95.08999633789062,103126200
2023-01-12,AMZN,96.93000030517578,97.19000244140625,93.5,95.2699966430664,85254800
2023-01-13,AMZN,94.18000030517578,98.37000274658203,94.12000274658203,98.12000274658203,85549400
2023-01-17,AMZN,98.68000030517578,98.88999938964844,95.7300033569336,96.05000305175781,72755000
2023-01-18,AMZN,97.25,99.31999969482422,95.37999725341797,95.45999908447266,79570400
2023-01-19,AMZN,94.73999786376953,95.44000244140625,92.86000061035156,93.68000030517578,69002700
2023-01-20,AMZN,93.86000061035156,97.3499984741211,93.19999694824219,97.25,67481500
2023-01-23,AMZN,97.55999755859375,97.77999877929688,95.86000061035156,97.5199966430664,76501100
2023-01-24,AMZN,96.93000030517578,98.08999633789062,96.0,96.31999969482422,66929500
2023-01-25,AMZN,92.55999755859375,97.23999786376953,91.5199966430664,97.18000030517578,94261600
2023-01-26,AMZN,98.23999786376953,99.48999786376953,96.91999816894531,99.22000122070312,68523600
2023-01-27,AMZN,99.52999877929688,103.48999786376953,99.52999877929688,102.23999786376953,87775600
2023-01-30,AMZN,101.08999633789062,101.73999786376953,99.01000213623047,100.55000305175781,70691900
2023-01-31,AMZN,101.16000366210938,103.3499984741211,101.13999938964844,103.12999725341797,66527300
2023-02-01,AMZN,102.52999877929688,106.23999786376953,101.23999786376953,105.1500015258789,80450100
2023-02-02,AMZN,110.25,114.0,108.87999725341797,112.91000366210938,158154200
2023-02-03,AMZN,105.26000213623047,108.77999877929688,102.5199966430664,103.38999938964844,144374800
2023-02-06,AMZN,102.93000030517578,103.94999694824219,100.6500015258789,102.18000030517578,81945200
2023-02-07,AMZN,101.16999816894531,102.41000366210938,98.08000183105469,102.11000061035156,119501300
2023-02-08,AMZN,102.04000091552734,102.66999816894531,98.77999877929688,100.05000305175781,75878300
2023-02-09,AMZN,101.31999969482422,101.77999877929688,97.56999969482422,98.23999786376953,64622500
2023-02-10,AMZN,97.55999755859375,98.81999969482422,96.2300033569336,97.61000061035156,52740100
2023-02-13,AMZN,97.8499984741211,99.68000030517578,96.91000366210938,99.54000091552734,52841500
2023-02-14,AMZN,98.41000366210938,100.91999816894531,97.5199966430664,99.69999694824219,56202900
2023-02-15,AMZN,99.08999633789062,101.16999816894531,98.44999694824219,101.16000366210938,47957600
2023-02-16,AMZN,99.20999908447266,100.62999725341797,98.0999984741211,98.1500015258789,56339200
2023-02-17,AMZN,97.80000305175781,97.94000244140625,95.6500015258789,97.19999694824219,60029400
2023-02-21,AMZN,95.33999633789062,95.61000061035156,94.2699966430664,94.58000183105469,56580400
2023-02-22,AMZN,95.0999984741211,97.01000213623047,94.80000305175781,95.79000091552734,59534100
2023-02-23,AMZN,96.12000274658203,96.43000030517578,93.66999816894531,95.81999969482422,48467000
2023-02-24,AMZN,93.52999877929688,94.13999938964844,92.31999969482422,93.5,57053800
2023-02-27,AMZN,94.27999877929688,94.77999877929688,93.13999938964844,93.76000213623047,47470300
2023-02-28,AMZN,93.13999938964844,94.69000244140625,92.91999816894531,94.2300033569336,43959300
2023-03-01,AMZN,93.87000274658203,94.68000030517578,91.58999633789062,92.16999816894531,52299500
2023-03-02,AMZN,91.41000366210938,92.2300033569336,90.38999938964844,92.12999725341797,55509400
2023-03-03,AMZN,92.73999786376953,94.94000244140625,92.66000366210938,94.9000015258789,55759600
2023-03-06,AMZN,95.19000244140625,96.55000305175781,93.73999786376953,93.75,52112400
2023-03-07,AMZN,94.05999755859375,95.08999633789062,92.77999877929688,93.55000305175781,49100700
2023-03-08,AMZN,93.5999984741211,94.16999816894531,92.18000030517578,93.91999816894531,44899100
2023-03-09,AMZN,93.68000030517578,96.20999908447266,92.18000030517578,92.25,56218700
2023-03-10,AMZN,92.66999816894531,93.56999969482422,90.25,90.7300033569336,69827500
2023-03-13,AMZN,89.97000122070312,94.0199966430664,88.12000274658203,92.43000030517578,72397100
2023-03-14,AMZN,93.83000183105469,95.06999969482422,92.70999908447266,94.87999725341797,60912700
2023-03-15,AMZN,93.22000122070312,96.66999816894531,93.06999969482422,96.19999694824219,70731800
2023-03-16,AMZN,95.75,100.98999786376953,95.61000061035156,100.04000091552734,84446900
2023-03-17,AMZN,99.79000091552734,100.66000366210938,97.45999908447266,98.94999694824219,87300200
2023-03-20,AMZN,98.41000366210938,98.4800033569336,95.69999694824219,97.70999908447266,62388900
2023-03-21,AMZN,98.13999938964844,100.8499984741211,98.0,100.61000061035156,58597300
2023-03-22,AMZN,100.44999694824219,102.0999984741211,98.61000061035156,98.69999694824219,57475400
2023-03-23,AMZN,100.43000030517578,101.05999755859375,97.62000274658203,98.70999908447266,57559300
2023-03-24,AMZN,98.06999969482422,98.30000305175781,96.4000015258789,98.12999725341797,56095400
2023-03-27,AMZN,99.06999969482422,99.33999633789062,97.08000183105469,98.04000091552734,46721300
2023-03-28,AMZN,98.11000061035156,98.44000244140625,96.29000091552734,97.23999786376953,38720100
2023-03-29,AMZN,98.69000244140625,100.41999816894531,98.55999755859375,100.25,49783300
2023-03-30,AMZN,101.55000305175781,103.04000091552734,101.01000213623047,102.0,53633400
2023-03-31,AMZN,102.16000366210938,103.48999786376953,101.94999694824219,103.29000091552734,56704300
